EmpID,FirstName,LastName,Gender,Age,ContactAddress,EmpEmail,EmpPass,JobID
1,John,Doe,M,30,"123 Elm St, NY",john.doe@example.com,password123,1
2,Jane,Smith,F,28,"456 Maple Ave, CA",jane.smith@example.com,password123,2
3,Alice,Brown,F,35,"789 Oak St, TX",alice.brown@example.com,password123,3
4,Bob,Johnson,M,40,"101 Pine St, FL",bob.johnson@example.com,password123,4
5,Charlie,Williams,M,33,"202 Birch Rd, IL",charlie.williams@example.com,password123,5
6,Dave,Miller,M,29,"303 Cedar Blvd, NY",dave.miller@example.com,password123,6
7,Eve,Davis,F,25,"404 Maple Dr, TX",eve.davis@example.com,password123,7
8,Frank,Wilson,M,38,"505 Pine Ave, FL",frank.wilson@example.com,password123,8
9,Grace,Moore,F,45,"606 Oak Blvd, CA",grace.moore@example.com,password123,9
10,Harry,Taylor,M,50,"707 Elm Rd, NY",harry.taylor@example.com,password123,10
11,Irene,Anderson,F,32,"808 Maple St, FL",irene.anderson@example.com,password123,11
12,Jack,Thomas,M,34,"909 Pine Rd, TX",jack.thomas@example.com,password123,12
13,Karen,Jackson,F,30,"1010 Oak Dr, NY",karen.jackson@example.com,password123,13
14,Louis,White,M,27,"1111 Maple Blvd, FL",louis.white@example.com,password123,14
15,Maria,Harris,F,41,"1212 Cedar Ave, CA",maria.harris@example.com,password123,15
16,Nathan,Martin,M,26,"1313 Birch Rd, TX",nathan.martin@example.com,password123,16
17,Olivia,Lee,F,50,"1414 Oak Blvd, FL",olivia.lee@example.com,password123,17
18,Paul,Clark,M,37,"1515 Pine St, NY",paul.clark@example.com,password123,18
19,Quinn,Lewis,F,31,"1616 Cedar Blvd, CA",quinn.lewis@example.com,password123,19
20,Rachel,Walker,F,28,"1717 Birch Ave, TX",rachel.walker@example.com,password123,20
21,Steve,Hall,M,46,"1818 Maple Rd, FL",steve.hall@example.com,password123,21
22,Tina,Allen,F,38,"1919 Oak St, NY",tina.allen@example.com,password123,22
23,Ulysses,Young,M,41,"2020 Pine Blvd, TX",ulysses.young@example.com,password123,23
24,Vanessa,King,F,34,"2121 Cedar Rd, CA",vanessa.king@example.com,password123,24
25,William,Scott,M,55,"2222 Birch Blvd, FL",william.scott@example.com,password123,25
26,Xavier,Adams,M,28,"2323 Maple Ave, TX",xavier.adams@example.com,password123,26
27,Yvonne,Nelson,F,42,"2424 Oak Rd, CA",yvonne.nelson@example.com,password123,27
28,Zack,Carter,M,36,"2525 Pine Blvd, NY",zack.carter@example.com,password123,28
29,Annabelle,Mitchell,F,29,"2626 Cedar St, TX",annabelle.mitchell@example.com,password123,29
30,Bruce,Roberts,M,50,"2727 Birch Blvd, CA",bruce.roberts@example.com,password123,30
31,Cindy,Perez,F,35,"2828 Maple Blvd, FL",cindy.perez@example.com,password123,31
32,Daniel,Lee,M,42,"2929 Oak Blvd, TX",daniel.lee@example.com,password123,32
33,Emma,Garcia,F,38,"3030 Pine Rd, CA",emma.garcia@example.com,password123,33
34,Frank,Davis,M,43,"3131 Cedar Ave, NY",frank.davis@example.com,password123,34
35,Grake,Moor,F,31,"3232 Birch Rd, TX",grake.moor@example.com,password123,35
36,Hank,Wilson,M,47,"3333 Maple Dr, CA",hank.wilson@example.com,password123,36
37,Ingrid,Adams,F,26,"3434 Oak St, NY",ingrid.adams@example.com,password123,37
38,John,Baker,M,32,"3535 Pine Rd, TX",john.baker@example.com,password123,38
39,Kelly,Cooper,F,40,"3636 Cedar Blvd, CA",kelly.cooper@example.com,password123,39
40,Leo,Rodriguez,M,28,"3737 Birch Ave, TX",leo.rodriguez@example.com,password123,40
41,Maria,Green,F,29,"3838 Oak Rd, NY",maria.green@example.com,password123,41
42,Nora,Harris,F,35,"3939 Pine Blvd, CA",nora.harris@example.com,password123,42
43,Oliver,Mitchell,M,39,"4040 Cedar St, TX",oliver.mitchell@example.com,password123,43
44,Pat,Collins,M,30,"4141 Maple Rd, FL",pat.collins@example.com,password123,44
45,Quinn,Walker,F,25,"4242 Oak Blvd, TX",quinn.walker@example.com,password123,45
46,Ryan,Nelson,M,32,"4343 Pine Rd, CA",ryan.nelson@example.com,password123,46
47,Sally,Clark,F,33,"4444 Cedar Ave, NY",sally.clark@example.com,password123,47
48,Tom,Perez,M,36,"4545 Birch Blvd, TX",tom.perez@example.com,password123,48
49,Ursula,Young,F,27,"4646 Oak St, NY",ursula.young@example.com,password123,49
50,Victor,Ward,M,41,"4747 Maple Ave, TX",victor.ward@example.com,password123,50
51,Wendy,Morgan,F,36,"4848 Pine Rd, CA",wendy.morgan@example.com,password123,51
52,Xavier,Lewis,M,28,"4949 Cedar Blvd, NY",xavier.lewis@example.com,password123,52
53,Yasmine,Robinson,F,34,"5050 Birch Rd, TX",yasmine.robinson@example.com,password123,53
54,Zachary,Wilson,M,38,"5151 Oak Blvd, CA",zachary.wilson@example.com,password123,54
55,Adam,Harris,M,31,"5252 Maple Rd, TX",adam.harris@example.com,password123,55
56,Brooke,Clark,F,40,"5353 Pine Blvd, FL",brooke.clark@example.com,password123,56
57,Connor,Scott,M,27,"5454 Cedar Rd, NY",connor.scott@example.com,password123,57
58,Daisy,Allen,F,35,"5555 Birch Ave, TX",daisy.allen@example.com,password123,58
59,Eli,Mitchell,M,33,"5656 Oak Rd, CA",eli.mitchell@example.com,password123,59
60,Fiona,Jackson,F,30,"5757 Pine Blvd, TX",fiona.jackson@example.com,password123,60
